{"/product/zhidkie-oboi-lw-04-1000-1-kg-bordovyy-273813646/": {"title": "ЖИДКИЕ ОБОИ LW 04-1000 , 1 кг , Бордовый", "brand": "Мир", "category": "Жидкие обои", "sku": 273813646, "url": "https://www.ozon.ru/product/zhidkie-oboi-lw-04-1000-1-kg-bordovyy-273813646/", "hierarchy": "Строительство и ремонт/Отделочные материалы/Обои и покрытия/Обои/Жидкие обои/Мир", "categoryId": 34487, "description": "ЖИДКИЕ ОБОИ — СВОБОДА ДЛЯ ВАШЕЙ ФАНТАЗИИ!РЕМОНТОПРИГОДНОСТЬ. Поврежденный участок легко замазывается свежей смесью не оставляя следов ремонта.ЭКОНОМИЯ НА ПЕРВИЧНОЙ ОТДЕЛКЕ. Жидкие обои не нуждаются в предваритольной подготовке стен, что позволяет снизить цену ремонтных работ.ВЫСОКОЕ ШУМОПОГЛОЩЕНИЕ. Жидкие обои, благодаря своей пористой структуре, способны поглощать шумы.МНОГООБРАЗИЕ ЦВЕТОВЫХ И ДЕКОРАТИВНЫХ РЕШЕНИЙ. Жидкие обои покрываются красками от спокойных пастельных и офисносдержанных до ярких и сочных.ЭТО ПРОСТО!ЗАЛИТЬ 5 л воды на 1 кг сухого продукта.ПЕРЕМЕШАТЬ Вручную, процеживая смесь между пальцами для полного перемешивания без сгустков.НАСТОЯТЬ Дать отстояться 12 часов и перемешать повторно. Готовая смесь хранится до 3-х недель в герметично закупоренной таре.НАНЕСТИ Готовая смесь наносится небольшими порциями равномерным тонким слоем.ЭТО ЭКОЛОГИЧНО!ЭКОЛОГИЧЕСКИ ЧИСТЫЙ ПРОДУКТ . Созданы на основе целлюлозы.ГИПОАЛЛЕРГЕННО .Не содержит вредных добавок.БЕЗОПАСНО Можно использовать в помещениях с детьми и домашними животными."}, "/product/smes-imperatorskaya-livianta-zamorozhennaya-400-g-693207710/": {"title": "", "brand": null, "category": null, "sku": 693207710, "url": null, "hierarchy": null, "categoryId": null, "description": ""}, "/product/forsunka-inzhektornaya-vaz-dv-1-6-16kl-bosch-0280158022-v-up-avtovaz-lada-art-280158022-389555747/": {"title": "Форсунка инжекторная ВАЗ дв.1,6 16кл. (BOSCH) 0280158022 в уп. АвтоВАЗ - LADA арт. 280158022", "brand": "LADA", "category": "Форсунки топливные", "sku": 389555747, "url": "https://www.ozon.ru/product/forsunka-inzhektornaya-vaz-dv-1-6-16kl-bosch-0280158022-v-up-avtovaz-lada-art-280158022-389555747/", "hierarchy": "Автотовары/Автозапчасти/Система питания/Форсунки топливные/LADA", "categoryId": 34383, "description": "32055"}, "/product/kasper-kombinezon-zashchitnyy-laminirovannyy-spanbond-n-s-zashchita-zk55-60p-537049810/": {"title": "КАСПЕР комбинезон (защитный, ламинированный спанбонд, н/с, защита ЗК55-60П) ", "brand": null, "category": "Защита ног", "sku": 537049810, "url": "https://www.ozon.ru/product/kasper-kombinezon-zashchitnyy-laminirovannyy-spanbond-n-s-zashchita-zk55-60p-537049810/", "hierarchy": "Строительство и ремонт/Средства защиты и пожаротушения/Защита ног", "categoryId": 34971, "description": "Комбинезон защитный Каспер, ламинированный спанбондю"}, "/product/rolik-natyazhnoy-grm-mitsubishi-lancer-mitsubishi-md356509-art-md356509-521372508/": {"title": "", "brand": null, "category": null, "sku": 521372508, "url": null, "hierarchy": null, "categoryId": null, "description": ""}, "/product/zelenyy-goroshek-ozon-fresh-420-g-397401997/": {"title": "Горошек зеленый Ozon fresh из мозговых сортов, 425 мл", "brand": "Ozon fresh", "category": "Горошек", "sku": 397401997, "url": "https://www.ozon.ru/product/goroshek-zelenyy-ozon-fresh-iz-mozgovyh-sortov-425-ml-397401997/", "hierarchy": "Продукты питания/Консервация/Овощи консервированные/Горошек/Ozon fresh", "categoryId": 39116, "description": "Внешний вид упаковки может отличаться от фото, так как товар проходит ребрендинг.\n\nГорошек зеленый Ozon fresh из мозговых сортов стерилизованный содержит только натуральные ингредиенты. Продукт идеально подойдет для приготовления салатов и гарниров. Вакуумная упаковка обеспечит сохранение вкусовых и питательных свойств. "}, "/product/obogrevatel-nasadka-dozhigatel-nasadka-na-plitku-na-gorelku-704534312/": {"title": "Обогреватель-насадка (дожигатель) насадка на плитку/на горелку/", "brand": "Vitfishing", "category": "Походные печи", "sku": 704534312, "url": "https://www.ozon.ru/product/obogrevatel-nasadka-dozhigatel-nasadka-na-plitku-na-gorelku-704534312/", "hierarchy": "Туризм, рыбалка, охота/Туризм и отдых на природе/Зажигалки, горелки и походные печи/Походные печи/Vitfishing", "categoryId": 11555, "description": "Обогреватель-насадка \"Пирамида\" для газовой плиты / хромированная / Дожигатель газа предназначен для газовых горелок и плит в качестве теплоизлучающего элемента для обогрева и дожигания газа в небольших помещениях , палатках и т.п. Устанавливается на варочные упоры работающей плиты или горелки. Подходит для большинства настольных газовых плит и горелок. Преимущества: -Надежность и простота в эксплуатации -Компактный размер и легкий вес -Корейские технологии -Превращает обычную газовую плиту в мощный обогреватель -Обеспечивает полное сгорание остатков газовой смеси -Отсутствует открытое пламя."}, "/product/kukuruza-moshennik-rozovyy-606934498/": {"title": " Кукуруза Мошенник,  Розовый", "brand": null, "category": "Овощерезки", "sku": 606934498, "url": "https://www.ozon.ru/product/kukuruza-moshennik-rozovyy-606934498/", "hierarchy": "Бытовая техника/Техника для кухни/Миксеры, блендеры и измельчители/Овощерезки", "categoryId": 10586, "description": " Описание :   Это более практично для вас использовать в повседневной жизни, потому что эта кукурузная кожура принята с многофункциональным дизайном 4 в 1. .     Материал     : PS .       Детали размера   :  Внутренний диаметр: 7,3 см/2,87 \"(прибл.)Размер: 11,5 см x 13 см/4,53 \"x 5,12\" (прибл.).     Розовый"}, "/product/apparat-dlya-prigotovleniya-saharnoy-vaty-pribor-dlya-prigotovleniya-saharnoy-vaty-573079706/": {"title": "Аппарат для приготовления сахарной ваты / Прибор для приготовления сахарной ваты / Приготовление сладкой ваты / Сладкая вата в домашних условиях / Оборудование для сахарной ваты / Сахарная вата, розовый, BOOM", "brand": "BOOM", "category": "Аппараты для сахарной ваты", "sku": 573079706, "url": "https://www.ozon.ru/product/apparat-dlya-prigotovleniya-saharnoy-vaty-pribor-dlya-prigotovleniya-saharnoy-vaty-573079706/", "hierarchy": "Бытовая техника/Техника для кухни/Техника для приготовления десертов/Аппараты для сахарной ваты/BOOM", "categoryId": 10607, "description": "Аппарат для приготовления сахарной ваты особенно подойдет на детский праздник, что приятно удивит ваших детей.Аппарат для приготовления сладкой ваты, любимого детского лакомства, максимально прост в использовании в домашних условиях. Устройство компактное, не занимает много места на кухне. Его даже можно взять с собой на вечеринку к друзьям или День Рождения! Так же прибор для приготовления сахарной ваты – прекрасный и стильный подарок друзьям и близким, который обрадует и детей, и взрослых"}, "/product/mokasiny-t-taccardi-504938833/": {"title": "", "brand": null, "category": null, "sku": 504938833, "url": null, "hierarchy": null, "categoryId": null, "description": ""}, "/product/organayzer-idea-vyazanie-5-sektsiy-m-2383-14-h-18-5-h-14-sm-chaynaya-roza-149262509/": {"title": "Органайзер Idea Вязание, 5 секций, М 2383, 14 х 18,5 х 14 см, чайная роза", "brand": "Idea", "category": "Органайзеры", "sku": 149262509, "url": "https://www.ozon.ru/product/organayzer-idea-vyazanie-5-sektsiy-m-2383-14-h-18-5-h-14-sm-chaynaya-roza-149262509/", "hierarchy": "Дом и сад/Хранение вещей/Органайзеры и разделители/Органайзеры/Idea", "categoryId": 14765, "description": "Органайзер имеет пять отделений разной высоты. Подойдет для хранения: специй, столовых приборов, канцелярии, косметики. Текстура поверхности напоминает вязаное изделие."}, "/product/dewal-vyzhimatel-tyubika-klyuch-alyuminievyy-192646514/": {"title": "DEWAL Выжиматель тюбика \"ключ\", алюминиевый", "brand": "Dewal", "category": "Парикмахерские принадлежности", "sku": 192646514, "url": "https://www.ozon.ru/product/dewal-vyzhimatel-tyubika-klyuch-alyuminievyy-192646514/", "hierarchy": "Красота и здоровье/Уход за волосами/Профессиональные инструменты парикмахера/Парикмахерские принадлежности/Dewal", "categoryId": 6699, "description": "Выжиматель тюбика для краски - полезный аксессуар, который пригодится мастерам. Устройство выжимателя позволяет максимально выдавить краску из тюбика, не оставляя ни одного грамма средства в тубе."}, "/product/dozhdevik-teroprom-526135698/": {"title": "Дождевик ТероПром", "brand": "ТероПром", "category": "Плащи", "sku": 526135698, "url": "https://www.ozon.ru/product/dozhdevik-teroprom-526135698/", "hierarchy": "Одежда/Детям/Девочкам/Верхняя одежда/Плащи/ТероПром", "categoryId": 7589, "description": "Длина рукава (от основания шеи до низа) — 51 см.\nШирина изделия под проймой — 53 см.\nДлина плаща по спинке — 85 см."}, "/product/freiaviver-pintset-dlya-brovey-skoshennyy-diagonalnyy-professionalnyy-dlya-korrektsii-brovey-624145779/": {"title": "", "brand": null, "category": null, "sku": 624145779, "url": null, "hierarchy": null, "categoryId": null, "description": ""}, "/product/zashchita-spiny-gornolyzhnaya-snoubordicheskaya-prosurf-gilet-dorsal-back-vest-d3o-735690643/": {"title": "Защита спины горнолыжная/сноубордическая Prosurf GILET DORSAL BACK VEST D3O", "brand": "Prosurf", "category": "Защита спины для горных лыж и сноуборда", "sku": 735690643, "url": "https://www.ozon.ru/product/zashchita-spiny-gornolyzhnaya-snoubordicheskaya-prosurf-gilet-dorsal-back-vest-d3o-735690643/", "hierarchy": "Спорт и отдых/Зимний спорт/Горнолыжный спорт/Защита горнолыжная/Защита спины для горных лыж и сноуборда/Prosurf", "categoryId": 38193, "description": "Защита выполнена из материала D3O. Инновационная технология D30 действует по следующему принципу: во время удара молекулы ткани образуют прочную решетку, а потому материал становится твердым. Он идеален для защиты от падений и ударов.Ключевой особенностью этой защиты является инновационный материал D30. Этот материал уникален в первую очередь тем, что в обычном состоянии он невероятно мягкий (как жвачка), но при ударе молниеносно затвердевает, поглощая основную часть ударной силы и обеспечивая тем самым максимальную защиту. Вместе с тем этот материал прекрасно вентилируется и эффективно отводит влагу. То есть, в нем не будет жарко даже при высоких температурах воздуха. Да и промокнуть в такой защите задача не из простых. Важно также, что защита легко регулируется в соответствии с особенностями фигуры райдера и совершенно не сковывает движений."}, "/product/kolyaska-progulochnaya-2-v-1-bumbleride-indie-twin-dlya-pogodok-i-dvoyni-rezinovye-kolesa-tsvet-652292372/": {"title": "Коляска прогулочная 2 в 1 Bumbleride Indie Twin, для погодок  и двойни, резиновые колеса, цвет: Matte Black", "brand": "Bumbleride", "category": "Коляски для двойни", "sku": 652292372, "url": "https://www.ozon.ru/product/kolyaska-progulochnaya-2-v-1-bumbleride-indie-twin-dlya-pogodok-i-dvoyni-rezinovye-kolesa-tsvet-652292372/", "hierarchy": "Детские товары/Коляски и автокресла/Коляски/Коляски для двойни/Bumbleride", "categoryId": 34748, "description": "Комплект 2 в 1. Прогулочная коляска, две люльки и адаптеры. Универсальная прогулочная 4-х колесная коляска повышенной проходимости с легким плавным ходом и мягкой амортизацией. Дополненная в комплекте с люльками позволяет использовать коляску с рождения. Bumbleride Indie Twin – это не просто привычная всем вездеходная коляска. При весе 16-кг, коляска Indie Twin сочетает в себе возможности внедорожника с маневренностью компактной городской прогулочной коляски и оснащена передними колесами с подвеской вращающимся на 360 градусов, с функцией блокировки движения вперед-назад. Модель Indie Twin подходит для детей от 0 до 4 лет, так как имеет регулируемую спинку с неограниченными углами наклона. Готовая к передвижению по любому рельефу и местности, коляска модели Indie Twin продается в стандартной комплектации с задней подвеской, ручкой, регулируемой по высоте, многофункциональным бампером, вместительной корзиной для хранения вещей.- Новый внутренний слой на большом козырьке с расширением колясок модели Indie Twin защищает от жары и обладает фактором защиты SPF 45, позволяя вашему ребенку оставаться в тени и под надежной защитой.- Спинка коляски Indie Twin имеет неограниченное положения наклона и раскладывается из вертикального в горизонтальное положение за считанные секунды.- В вертикальном положении регулируемая подножка коляски Indie Twin создает опору ножкам малыша, а также раскладывается для комфортного сна ребенка.- Жесткая спинка сиденья с эргономичной подушкой обеспечивает ребенку надежную опору.- Компактное складывание. Быстро разбираемая коляска Indie Twin в сложенном виде настолько компактна, что может храниться в тесном пространстве.- Регулируемая высота ручки. Неважно, какой у вас рост, вы обязательно подберете подходящую для вас высоту регулируемой ручки коляски Indie Twin.- 12-дюймовые надувные шины. С амортизацией всех колес и 12-дюймовые шины позволят вам катить коляску Indie Twin по любой поверхности.• Амортизация всех колес• Пятиточечный ремень безопасности Компактна в собранном состоянии• Ручка для переноски• Механизм складывания: книжка• Максимальный допустимый вес ребенка: 23 кг• Ширина шасси: 76 см• Ширина сидения: 30 см• Глубина сидения: 28 см• Длина спального места: 100 см• Размеры (ШxДxВ): 76x91x116 см• Размеры в собранном виде (ШxДxВ): 76x30x83 смКомплектация• две люльки, адаптер, солнцезащитный козырек с расширением, насос, ремешок безопасности, бампер"}, "/product/matras-naduvnoy-odnospalnyy-bestway-venture-jr-twin-vstr-nozhnoy-nasos-185x76x28sm-67223-266369655/": {"title": "Матрас надувной односпальный Bestway Venture Jr.Twin + встр. ножной насос 185x76x28см 67223", "brand": "Bestway", "category": "Надувные матрасы и кровати", "sku": 266369655, "url": "https://www.ozon.ru/product/matras-naduvnoy-odnospalnyy-bestway-venture-jr-twin-vstr-nozhnoy-nasos-185x76x28sm-67223-266369649/", "hierarchy": "Туризм, рыбалка, охота/Туризм и отдых на природе/Кемпинговая и надувная мебель/Надувная мебель/Надувные матрасы и кровати/Bestway", "categoryId": 11507, "description": "Односпальный надувной матрас EASY INFLATE серии Flocked AirBed изготовлен по технологии COIL BEAM CONSTRUCTION. Внутренняя конструкция матраса выполнена с усиленными перегородками в виде цилиндров, использование такого типа перегородок придет матрасу повышенную выносливость и жесткость.Верх матраса покрыт флоком (искусственная замша), который не даёт соскальзывать постельному белью, легко чистится без применения специальных средств. Матрас оснащен встроенным механическим ножным насосом, который позволяет за несколько минут надувать и сдувать матрас. В изголовье имеется удобный подголовник, который при необходимости можно использовать вместо подушки. В комплект входит специализированная самоклеющаяся заплатка для ремонта."}, "/product/shlyapa-756274015/": {"title": "Шляпа", "brand": null, "category": "Шляпы", "sku": 756274015, "url": "https://www.ozon.ru/product/shlyapa-756274015/", "hierarchy": "Аксессуары/Женщинам/Головные уборы/Шляпы", "categoryId": 36514, "description": "【1】Материал: полиэстер (полиэфирное волокно)【2】Стиль верха шляпы: купол【3】Узор: сплошной цвет【4】Подходящий сезон: зима【5】Функция: защита шеи, тепло【6】Форма ободка: деревянный край уха"}, "/product/manishka-side-to-side-235628951/": {"title": "", "brand": null, "category": null, "sku": 235628951, "url": null, "hierarchy": null, "categoryId": null, "description": ""}, "/product/motornoe-maslo-takayama-sae-api-sl-sf-5w-30-sinteticheskoe-1-l-392417028/": {"title": "Моторное масло TAKAYAMA SAE API SL/СF 5W-30 Синтетическое 1 л", "brand": "TAKAYAMA", "category": "Автомобильные моторные масла", "sku": 392417028, "url": "https://www.ozon.ru/product/motornoe-maslo-takayama-sae-api-sl-sf-5w-30-sinteticheskoe-1-l-392417028/", "hierarchy": "Автотовары/Масла и автохимия/Моторные масла/Автомобильные моторные масла/TAKAYAMA", "categoryId": 34118, "description": "Синтетическое всесезонное моторное масло TAKAYAMA SAE 5W-30 API SL/CF разработано для использования в бензиновых, турбированных двигателях легковых автомобилей. Подходит для применения в дизельных двигателях легких грузовиков. Высококачественные базовые масла и многофункциональный пакет присадок обеспечивают быстрый и легкий запуск двигателя при низких температурах, превосходную защиту двигателя от износа, увеличенный межсервисный интервал, предотвращают образование отложений.• Защита двигателя• Экономия топлива• Максимально снижен расход масла на угарРекомендовано для большинства автомобилей, в том числе с пробегом."}}